<lxs>
    <scene root="demoRoot" axis_length="5" />

    <views default="defaultCamera">
        <perspective id="defaultCamera" near="0.1" far="500" angle="45">
            <from x="30" y="15" z="30" />
            <to x="0" y="-2" z="0" />
        </perspective>

        <perspective id="closerCamera" near="0.1" far="250" angle="30">
            <from x="10" y="8" z="16" />
            <to x="0" y="0" z="0" />
        </perspective>

        <perspective id="cheeseBallsCamera" near="0.1" far="250" angle="25">
            <from x="4" y="4" z="4" />
            <to x="-12" y="0" z="-4" />
        </perspective>

        <perspective id="drinkCamera" near="0.1" far="250" angle="25">
            <from x="-5" y="11" z="4" />
            <to x="8" y="0" z="-4" />
        </perspective>


        <ortho id="scene_ortho" near="0.1" far="40" left="-30" right="20" top="10" bottom="-10">
            <from x="5" y="5" z="20" />
            <to x="5" y="5" z="0" />
        </ortho>
    </views>

    <globals>
        <ambient r="0.05" g="0.05" b="0.05" a="1.0" />
        <background r="0.0" g="0.0" b="0.0" a="1.0" />
    </globals>
   
    <lights>
        <omni id="ylight" enabled="true">
            <location x="0" y="11.9" z="0" w="1.0" />
            <ambient r="1.0" g="1.0" b="1.0" a="1.0" />
            <diffuse r="1.0" g="1.0" b="1.0" a="1.0" />
            <specular r="1.0" g="1.0" b="1.0" a="1.0" />
            <attenuation constant="1" linear="0" quadratic="0" /> 
        </omni>

        <omni id="zLight" enabled="false">
            <location x="0" y="0" z="12" w="1.0" />
            <ambient r="1.0" g="1.0" b="1.0" a="1" />
            <diffuse r="1.0" g="1.0" b="1.0" a="1" />
            <specular r="1.0" g="1.0" b="1.0" a="1" />
            <attenuation constant="1" linear="0" quadratic="0" /> 
        </omni>

        <omni id="xLight" enabled="false">
            <location x="0" y="0" z="0" w="1.0" />
            <ambient r="1.0" g="1.0" b="1.0" a="1" />
            <diffuse r="1.0" g="1.0" b="1.0" a="1" />
            <specular r="1.0" g="1.0" b="1.0" a="1" />
            <attenuation constant="1" linear="0" quadratic="0" /> 
        </omni>

        <spot id="onionrings" enabled="false" angle="0" exponent="4">
            <location  x="0" y="-0.1" z="2" w="1" />
            <target x="0" y="0.2" z="3.8" />
            <ambient r="0.3" g="0.2" b="0.2" a="1" />
            <diffuse r="1" g="0.4" b="0.4" a="0.4" />
            <specular r="1" g="0.4" b="0.4" a="0.4" />
            <attenuation constant="0" linear="0.1" quadratic="0" /> 
        </spot>

        <spot id="cheeseballs" enabled="false" angle="0" exponent="4">
            <location  x="-5" y="0" z="-2" w="1" />
            <target x="-12" y="0" z="-4" />
            <ambient r="0.3" g="0.2" b="0.2" a="1" />
            <diffuse r="1" g="0.4" b="0.4" a="0.4" />
            <specular r="1" g="0.4" b="0.4" a="0.4" />
            <attenuation constant="0" linear="0.2" quadratic="0" /> 
        </spot>
    </lights>

    <textures>
        <texture id="tray" file="scenes/images/wood.png" />
        <texture id="onionRing" file="scenes/images/onion_ring.png" />
        <texture id="bag" file="scenes/images/wood1.png" />
        <texture id="cup" file="scenes/images/cup.png" />
        <texture id="straw" file="scenes/images/straw.png" />
        <texture id="napkin" file="scenes/images/napkin.png" />
    </textures>

    <materials>
        <material id="demoMaterial" shininess="10">
            <emission r="0.0" g="0.0" b="0.0" a="1.0" />
            <ambient r="1.0" g="0.0" b="0.0" a="1.0" />
            <diffuse r="0.6" g="0.0" b="0.0" a="1.0" />
            <specular r="0.6" g="0.0" b="0.0" a="1.0" />
        </material>
        <material id="temp" shininess="10">
            <emission r="0" g="0" b="0" a="0.0" />
            <ambient r="1" g="1" b="1" a="1.0" />
            <diffuse r="1" g="1" b="1" a="1.0" />
            <specular r="1" g="1" b="1" a="1.0" />
        </material>
        <material id="food" shininess="10">
            <emission r="0.2" g="0.2" b="0.2" a="1.0" />
            <ambient r="0.3" g="0.3" b="0.3" a="1.0" />
            <diffuse r="0.3" g="0.3" b="0.3" a="1.0" />
            <specular r="0.1" g="0.1" b="0.1" a="1.0" />
        </material>
        <material id="plastic" shininess="10">
            <emission r="0.2" g="0.2" b="0.2" a="1.0" />
            <ambient r="0.4" g="0.2" b="0.2" a="1.0" />
            <diffuse r="0.3" g="0.1" b="0.1" a="1.0" />
            <specular r="0.3" g="0.3" b="0.3" a="1.0" />
        </material>
        <material id="wood" shininess="10">
            <emission r="0.2" g="0.2" b="0.2" a="1.0" />
            <ambient r="0.1" g="0.0" b="0.0" a="1.0" />
            <diffuse r="0.3" g="0.3" b="0.2" a="1.0" />
            <specular r="0.3" g="0.3" b="0.2" a="1.0" />
        </material>
    </materials>

    <transformations>
        <transformation id="plate_pos">
            <translate x="0" y="0.2" z="3.8" />
            <scale x="1.5" y="1.5" z="1.5" />
            <rotate axis="x" angle="-90" />
        </transformation>
        <transformation id="onion_rings_on_the_plate">
            <translate x="0" y="0" z="0.25" />
        </transformation>
    </transformations>

    <primitives>
        <primitive id="tray_piece">
            <rectangle x1="-5" y1="-5" x2="5" y2="5" />
        </primitive>
        <primitive id="onion_ring">
            <torus inner="0.25" outer="1" slices="15" loops="10" />
        </primitive>
        <primitive id="plate">
            <rectangle x1="-5.5" y1="-5.5" x2="5.5" y2="5.5" />
        </primitive>
        <primitive id="cup">
            <cylinder  slices ="20" stacks="5" height="5" base="1" top="2" />
        </primitive>
        <primitive id="straw">
            <cylinder  slices ="20" stacks="5" height="8" base="0.25" top="0.25" />
        </primitive>
        <primitive id="napkin">
            <triangle x3="0" y3="7" z3="7"
                      x1="0" y1="7" z1="0"
                      x2="7" y2="7" z2="0" />
        </primitive>
         <primitive id="cheese_ball">
            <sphere radius="0.5" slices="15" stacks="15" />
        </primitive>

    </primitives>

    <components>
        <component id="demoRoot">
            <transformation>
                <scale x="0.4" y="0.4" z="0.4" />
            </transformation>
            <materials>
                <material id="demoMaterial" />
            </materials>
            <texture id="none" />
            <children>
                <componentref id="tray" />
                <componentref id="onion_rings_plate" />
                <componentref id="drink" />
                <componentref id="napkins" />
                <componentref id="cheese_balls_cup" />
            </children>
        </component>

        <component id="tray">
            <transformation>
                <translate x="0" y="0.3" z="0" />
                <scale x="1" y="0.25" z="1" />
            </transformation>
            <materials>
                <material id="wood"  />
            </materials>
            <texture id="tray" length_s="2" length_t="2" />
            <children>
                <componentref id="tray0" />
                <componentref id="tray1" />
                <componentref id="tray2" />
                <componentref id="tray3" />
                <componentref id="tray4" />
            </children>
        </component>

        <component id="tray0">
            <transformation>
                <translate x="0" y="-1" z="0" />
                <scale x="1" y="0.25" z="1" />
            </transformation>
            <materials>
                <material id="inherit"  />
            </materials>
            <texture id="inherit" />
            <children>
                <componentref id="tray_part" />
            </children>
        </component>

         <component id="tray1">
            <transformation>
                <translate x="0" y="-0.5" z="12" />
                <scale x="1" y="0.25" z="0.1" />
                <rotate axis="x" angle="90" />
            </transformation>
            <materials>
                <material id="inherit"  />
            </materials>
            <texture id="inherit" />
            <children>
                <componentref id="tray_part" />
            </children>
        </component>

         <component id="tray2">
            <transformation>
                <translate x="0" y="-0.5" z="-12" />
                <scale x="1" y="0.25" z="0.1" />
                <rotate axis="x" angle="90" />
            </transformation>
            <materials>
                <material id="inherit"  />
            </materials>
            <texture id="inherit" />
            <children>
                <componentref id="tray_part" />
            </children>
        </component>

        <component id="tray3">
            <transformation>
                <translate x="-20" y="-0.5" z="0" />
                <scale x="0.1" y="0.15" z="1" />
                <rotate axis="z" angle="90" />
            </transformation>
            <materials>
                <material id="inherit"  />
            </materials>
            <texture id="inherit" />
            <children>
                <componentref id="tray_part" />
            </children>
        </component>

        <component id="tray4">
            <transformation>
                <translate x="20" y="-0.5" z="0" />
                <scale x="0.1" y="0.15" z="1" />
                <rotate axis="z" angle="90" />
            </transformation>
            <materials>
                <material id="inherit"  />
            </materials>
            <texture id="inherit" />
            <children>
                <componentref id="tray_part" />
            </children>
        </component>

        <component id="tray_part">
            <transformation>
            </transformation>
            <materials>
                <material id="inherit"  />
            </materials>
            <texture id="inherit" />
            <children>
                <componentref id="tray_p_y" />
                <componentref id="tray_n_y" />
                <componentref id="tray_n_x" /> 
                <componentref id="tray_p_x" />
                <componentref id="tray_n_z" />
                <componentref id="tray_p_z" />
            </children>
        </component>

        <component id="tray_p_z">
            <transformation>
                <translate x="0" y="0" z="12" />
                <scale x="4" y="0.2" z="1" />
            </transformation>
            <materials>
                <material id="inherit" />
            </materials>
            <texture id="inherit" />
            <children>
                <primitiveref id="tray_piece" />
            </children>
        </component>

        <component id="tray_n_z">
            <transformation>
                <translate x="0" y="0" z="-12" />
                <rotate axis="y" angle="180" />
                <scale x="4" y="0.2" z="1" />
            </transformation>
            <materials>
                <material id="inherit" />
            </materials>
            <texture id="inherit" />
            <children>
                <primitiveref id="tray_piece" />
            </children>
        </component>

        <component id="tray_p_x">
            <transformation>
                <translate x="20" y="0" z="0" />
                <rotate axis="y" angle="90" />
                <scale x="2.4" y="0.2" z="1" />
            </transformation>
            <materials>
                <material id="inherit" />
            </materials>
            <texture id="inherit" />
            <children>
                <primitiveref id="tray_piece" />
            </children>
        </component>

        <component id="tray_n_x">
            <transformation>
                <translate x="-20" y="0" z="0" />
                <rotate axis="y" angle="-90" />
                <scale x="2.4" y="0.2" z="1" />
            </transformation>
            <materials>
                <material id="inherit" />
            </materials>
            <texture id="inherit" />
            <children>
                <primitiveref id="tray_piece" />
            </children>
        </component>

        <component id="tray_p_y">
            <transformation>
                <translate x="0" y="1" z="0" />
                <rotate axis="x" angle="-90" />
                <scale x="4" y="2.4" z="1" />
            </transformation>
            <materials>
                <material id="inherit" />
            </materials>
            <texture id="inherit" />
            <children>
                <primitiveref id="tray_piece" />
            </children>
        </component>

        <component id="tray_n_y">
            <transformation>
                <translate x="0" y="-1" z="0" />
                <rotate axis="x" angle="90" />
                <scale x="4" y="2.4" z="1" />
            </transformation>
            <materials>
                <material id="inherit" />
            </materials>
            <texture id="inherit" />
            <children>
                <primitiveref id="tray_piece" />
            </children>
        </component>

        <component id="onion_rings_plate">
            <transformation>
                <transformationref id="plate_pos" />
            </transformation>
            <materials>
                <material id="food" />
            </materials>
            <texture id="bag" length_s="1" length_t="1"/>
            <children>
                <componentref id="plate" />
                <componentref id="onion_rings" />
            </children>
        </component>

        <component id="plate">
            <transformation>
                <scale x="1" y="0.5" z="1" />
            </transformation>
            <materials>
                <material id="demoMaterial" />
                <material id="plastic" />
            </materials>
            <texture id="inherit" />
            <children>
                <primitiveref id="plate" />
            </children>
        </component>

        <component id="onion_rings">
            <transformation>
                <transformationref id="onion_rings_on_the_plate" />
            </transformation>
            <materials>
                <material id="food" />
            </materials>
            <texture id="onionRing" length_s="1" length_t="1" />
            <children>
                <componentref id="onion_ring_1" />
                <componentref id="onion_ring_2" />
                <componentref id="onion_ring_3" />
                <componentref id="onion_ring_4" />
                <componentref id="onion_ring_5" />
                <componentref id="onion_ring_6" />
                <componentref id="onion_ring_7" />
                <componentref id="onion_ring_8" />
            </children>
        </component>

        <component id="onion_ring_1">
            <transformation>
                <scale x="1.6" y="1.6" z="1.6" />
            </transformation>
            <materials>
                <material id="inherit" />
            </materials>
            <texture id="inherit" />
            <children>
                <primitiveref id="onion_ring" />
            </children>
        </component>

        <component id="onion_ring_2">
            <transformation>
                <translate x="2" y="0.3" z="0.5" />
                <scale x="1.5" y="1.5" z="1.5" />
                <rotate axis='y' angle='17' />
            </transformation>
            <materials>
                <material id="inherit" />
            </materials>
            <texture id="inherit" />
            <children>
                <primitiveref id="onion_ring" />
            </children>
        </component>

        <component id="onion_ring_3">
            <transformation>
                <translate x="-2.5" y="0.3" z="0.5" />
                <scale x="1.5" y="1.5" z="1.5" />
                <rotate axis='y' angle='-17' />
            </transformation>
            <materials>
                <material id="inherit" />
            </materials>
            <texture id="inherit" />
            <children>
                <primitiveref id="onion_ring" />
            </children>
        </component>

        <component id="onion_ring_4">
          <transformation>
                <scale x="1.0" y="1.0" z="1.0" />
                <translate x="-3.3" y="-1.3" z="0" />
            </transformation>
            <materials>
                <material id="inherit" />
            </materials>
            <texture id="inherit" />
            <children>
                <primitiveref id="onion_ring" />
            </children>
        </component> 

        <component id="onion_ring_5">
          <transformation>
                <scale x="1.0" y="1.0" z="1.0" />
                <translate x="3.3" y="1.3" z="0" />
            </transformation>
            <materials>
                <material id="inherit" />
            </materials>
            <texture id="inherit" />
            <children>
                <primitiveref id="onion_ring" />
            </children>
        </component> 

        <component id="onion_ring_6">
          <transformation>
                <scale x="1.2" y="1.2" z="1.2" />
                <translate x="1.0" y="1.4" z="0" />
            </transformation>
            <materials>
                <material id="inherit" />
            </materials>
            <texture id="inherit" />
            <children>
                <primitiveref id="onion_ring" />
            </children>
        </component> 

         <component id="onion_ring_7">
            <transformation>
                <scale x="1.0" y="1.0" z="1.0" />
                <translate x="3" y="-1.3" z="0" />
            </transformation>
            <materials>
                <material id="inherit" />
            </materials>
            <texture id="inherit" />
            <children>
                <primitiveref id="onion_ring" />
            </children>
        </component> 

        <component id="onion_ring_8">
            <transformation>
                <scale x="1.0" y="1.0" z="1.0" />
                <translate x="-3.8" y="1.3" z="0" />
            </transformation>
            <materials>
                <material id="inherit" />
            </materials>
            <texture id="inherit" />
            <children>
                <primitiveref id="onion_ring" />
            </children>
        </component> 

        <component id="drink">
            <transformation>
                <scale x="1.8" y="1.8" z="1.8" />
                <translate x="8" y="0" z="-4" />
                <rotate axis="x" angle="-90" />
            </transformation>
            <materials>
                <material id="plastic" />
            </materials>
            <texture id="cup" length_s="10" length_t="10"/>
            <children>
                <componentref id="cup" />
                <componentref id="straws" />
            </children>
        </component> 

        <component id="cup">
            <transformation>
            </transformation>
            <materials>
                <material id="inherit" />
            </materials>
            <texture id="inherit" />
            <children>
                <primitiveref id="cup" />
            </children>
        </component> 

        <component id="straws">
            <transformation>
                <rotate axis="x" angle="15" />
            </transformation>
            <materials>
                <material id="inherit" />
            </materials>
            <texture id="straw" length_s="1" length_t="1" />
            <children>
                <primitiveref id="straw" />
            </children>
        </component> 

         <component id="napkins">
            <transformation>
                <scale x="1.5" y="1.5" z="1.5" />
                <translate x="12.0" y="7.2" z="2.0" />
                <rotate axis="x" angle="-180" /> 
                <rotate axis="y" angle="-135" /> 
            </transformation>
            <materials>
                <material id="temp" />
            </materials>
            <texture id="napkin" length_s="3" length_t="3" />
            <children>
                <primitiveref id="napkin" />
            </children>
        </component> 

        <component id="cheese_balls_cup">
            <transformation>
                <translate x="-12" y="0" z="-4" />
                <rotate axis="x" angle="-90" />
            </transformation>
            <materials>
                <material id="plastic" />
            </materials>
            <texture id="bag"  length_s="3" length_t="3" />
            <children>
                <componentref id="cheese_cup" />
                <componentref id="cheese_balls" />
            </children>
        </component> 

         <component id="cheese_cup">
            <transformation>
                <scale x="2.1" y="2.1" z="0.5" />
            </transformation>
            <materials>
                 <material id="demoMaterial" />
                <material id="plastic" />
            </materials>
            <texture id="inherit" />
            <children>
                <primitiveref id="cup" />
            </children>
        </component> 

        <component id="cheese_balls">
            <transformation>
                <translate x="0" y="0" z="2" />
                <scale x="2.5" y="2.5" z="2.5" />
            </transformation>
            <materials>
                <material id="food" />
            </materials>
            <texture id="onionRing" length_s="1" length_t="1" />
            <children>
                <componentref id="cheese_ball_1" />
                <componentref id="cheese_ball_2" />
                <componentref id="cheese_ball_3" />
                <componentref id="cheese_ball_4" />
                <componentref id="cheese_ball_5" />
            </children>
        </component> 

        <component id="cheese_ball_1">
            <transformation>
                <translate x="1" y="0" z="0.2" />
            </transformation>
            <materials>
                <material id="inherit" />
            </materials>
            <texture id="inherit" />
            <children>
                <primitiveref id="cheese_ball" />
            </children>
        </component> 

        <component id="cheese_ball_2">
            <transformation>
                <translate x="-1" y="0" z="0.2" />
            </transformation>
            <materials>
                <material id="inherit" />
            </materials>
            <texture id="inherit" />
            <children>
                <primitiveref id="cheese_ball" />
            </children>
        </component> 

        <component id="cheese_ball_3">
            <transformation>
                <translate x="0" y="-1" z="0.2" />
            </transformation>
            <materials>
                <material id="inherit" />
            </materials>
            <texture id="inherit" />
            <children>
                <primitiveref id="cheese_ball" />
            </children>
        </component> 

        <component id="cheese_ball_4">
            <transformation>
                <translate x="0" y="1" z="0.2" />
            </transformation>
            <materials>
                <material id="inherit" />
            </materials>
            <texture id="inherit" />
            <children>
                <primitiveref id="cheese_ball" />
            </children>
        </component> 

        <component id="cheese_ball_5">
            <transformation>
                <translate x="0" y="0" z="0.2" />
            </transformation>
            <materials>
                <material id="inherit" />
            </materials>
            <texture id="inherit" />
            <children>
                <primitiveref id="cheese_ball" />
            </children>
        </component> 
        
    </components>

</lxs>